{
  "locs": null,
  "num_qubits": 4,
  "probabilities": [
    0.5000000000000001,
    0.0,
    0.0,
    0.0,
    0.0,
    0.0,
    0.0,
    0.0,
    0.0,
    0.0,
    0.0,
    0.0,
    0.0,
    0.0,
    0.0,
    0.5000000000000001
  ]
}
