{
  "locs": null,
  "num_qubits": 3,
  "probabilities": [
    0.007812500000000005,
    0.007812500000000016,
    0.007812500000000016,
    0.007812500000000005,
    0.007812500000000009,
    0.9453125000000014,
    0.007812500000000002,
    0.007812500000000002
  ]
}
