{
  "locs": null,
  "num_qubits": 6,
  "probabilities": [
    0.13268155794686642,
    0.026288662539464103,
    0.0229141740332291,
    0.014092103090216891,
    0.011639060904311561,
    0.017599890416589496,
    0.0067266800661066545,
    0.0037387776484857035,
    0.0037090863918286332,
    0.0001292528069094653,
    0.004210405331140229,
    0.0018432540344660918,
    0.00869435215763762,
    0.006579929786354055,
    0.015847870255144458,
    0.029664400183170687,
    0.04320107155430426,
    0.019781858172042522,
    0.0107757073151567,
    0.0009997599589536693,
    0.012772798033595937,
    0.007476536378920243,
    0.006935908537260487,
    0.0005868835612313073,
    0.0010617212730328833,
    0.016448589145972678,
    0.0141982449687246,
    0.02523025060296571,
    0.006173066232845047,
    0.002641224154215391,
    0.008372454102841528,
    0.04180759595087345,
    0.06552867795258388,
    0.0019046862513424504,
    0.00004106857708274332,
    0.02275807954296538,
    0.0005501285018691738,
    0.01245568942179975,
    0.002890273210781593,
    0.026094134402432162,
    0.002025201487014057,
    0.00040593871534790694,
    0.002700778451315477,
    0.004654638253826747,
    0.009976725553445585,
    0.008514571677375921,
    0.012053950042393862,
    0.05640579853581711,
    0.016037171995841582,
    0.004977952805065441,
    0.012263662543743567,
    0.003597346123246704,
    0.003142216630478003,
    0.009172063873344842,
    0.0030471642060901087,
    0.004773362586094827,
    0.01574862378858838,
    0.005109808405482574,
    0.08675812653019756,
    0.01025751894659915,
    0.0007286730368210386,
    0.006117986309378517,
    0.018552109551321083,
    0.04593274455545663
  ]
}
