{
  "locs": null,
  "num_qubits": 4,
  "probabilities": [
    0.06250000000000003,
    0.06250000000000003,
    0.06250000000000003,
    0.06250000000000003,
    0.06250000000000003,
    0.06250000000000003,
    0.06250000000000003,
    0.06250000000000003,
    0.06250000000000003,
    0.06250000000000003,
    0.06250000000000003,
    0.06250000000000003,
    0.06250000000000003,
    0.06250000000000003,
    0.06250000000000003,
    0.06250000000000003
  ]
}
