{
  "locs": null,
  "num_qubits": 3,
  "probabilities": [
    0.0,
    0.2500000000000001,
    0.2500000000000001,
    0.0,
    0.0,
    0.2500000000000001,
    0.2500000000000001,
    0.0
  ]
}
